{"cameraMode":{"drawMode":0,"name":"Shaded","section":"Shading Mode"},"sceneLighting":false,"audioPlay":false,"sceneViewState":{"showFog":true,"showMaterialUpdate":false,"showSkybox":false,"showFlares":true,"showImageEffects":true,"showParticleSystems":true},"in2DMode":false,"pivot":{"x":-0.5584122538566589,"y":-1.0335559844970704,"z":-7.071885585784912},"rotation":{"x":-0.23353445529937745,"y":0.1873389333486557,"z":-0.04590657353401184,"w":-0.9530275464057922},"size":11.813008308410645,"orthographic":false}